Sentiment,Text
0,sad for apl friend

0,missed the new moon trailer

1,omg its already

0,omgaga sooo gunna cry been this dentist since was suposed just get crown put mins

0,think cheating

0,just worry too much

1,juuuuuuuuuuuuuuuuussssst chillin

0,sunny again work tomorrow tonight

1,handed uniform today miss you already

1,hmmmm wonder how she number

0,must think about positive

1,thanks all the haters face all day

0,this weekend has sucked far

0,isnt showing australia any more

0,thats you win

0,

0,awhhe man completely useless now funny all can twitter

1,feeling strangely fine now gonna listen some semisonic celebrate

0,huge roll thunder just nowso scary

0,just cut beard off only been growing for well over year gonna start over happy the meantime

0,very sad about iran

0,wompppp wompp

1,you the only one who can see this cause one else following this for you because you pretty awesome

0,

0,headed hospitol had pull out the golf tourny place think ripped something yeah that

0,boring whats wrong with him please tell

0,can bothered wish could spend the rest life just sat here and going gigs seriously

0,feeeling like shit right now really want sleep but nooo have hours dancing and art assignment finish

1,goodbye exams hello alcohol tonight

0,didn realize was that deep geez give girl warning atleast

0,hate when any athlete appears tear acl live television

0,miss you guys too think wearing skinny jeans cute sweater and heels not really sure what are you doing today

0,meet your meat

0,horsie moving saturday morning

0,sat offneed work days week

0,really dont like doing room its boring sick doing wardrobe out cant waiit till have walk one yay

0,sox floyd was great but relievers need scolding

0,times like million

1,uploading pictures friendster

0,what type spaz downloads virus brother that who msn now fucked forever

0,amp

1,wrote something last week and got call from someone the new york office

0,enough said

1,need even say well here anyways chris cornell chicago tonight

1,health class what joke

1,

0,really makes sad when look muslims reality now

0,all time low shall motivation for the rest the week

0,and the entertainment over someone complained properly experimental you say should experiment with melody

0,another year lakers that neither magic nor fun

0,baddest day eveer

1,bathroom clean now more enjoyable tasks

1,boom boom pow

0,but proud

0,congrats helio though

0,david must hospitalized for five days end july palatine tonsils will probably never see katie concert

0,friends are leaving cause this stupid love

1,give mom hug right now

1,going see harry sunday happiness

0,hand quilting then

0,hate leysh

1,always get what want

1,bend backwards

1,get off work sooooon miss cody booo haven seen him foreverr

1,hate allergies should get hair cut tomorrow taking public poll

0,love you guys much that hurts

0,miss earl

0,miss new jersey

0,missed the first hour sytycd last night and can find online

0,need fix now

0,never thought become second choice

0,think may too friendlylol well

0,think manuel basil plant only has days live

0,wanna home churchi wonder wht they are doing

0,wanna make own pizza

0,want harddrive inch new guitar anyonefeeling generous

0,want hug

0,want miley tour australia

0,wanted sleep this morning but mean kid through popsicle stick head wish could fly away like those squirrels

0,was too slow get tix

0,will send sunshine northern ireland are you going swimming today

0,wish could the beach would great see amp

0,would much happier the walls bedroom were painted white

0,idk wat who can trust sorry all pain have caused nebody ima take dis time out straighten myself out luv yall

0,finding the intercept slopeand banging head against the wallmath brain heads come save

1,really going bed now

0,sick cough cough

0,cab headed the airport going home

0,case feel emo camp feeling wee bit alram bringing the human rights watch world report hope work

1,jin has twitter

0,jonas day almost over

0,jus got hom tda funeral sad cried much times much love grandpalt

1,just gonna smilecuz what isand not sure what more they could want

1,just got home and got see friend zahra whom haven seen since graduated that makes happy

0,longest night ever ugh

0,momacita won let bball game grrr

0,mom says have get new phone immediatelyoff mobile she paying

0,new car was stolenby mother who wanted pose church

0,hang out with the girls day moro hope

0,movie times for sunday rats will have plan tomorrow guess this means have work those two presentations doing

0,pavel tonight

0,not cool night

1,thank you

1,pleased

0,probably guna get off soon since one talkin more

0,really wanted safina pull out win amp

0,rip david eddings

1,rose and ood will back the xmas who special yay damn that half year away

0,sannesias aww neighbor need watch mean girls

0,whats the status next weekend

0,sorry the husband has overdosed his daily dose haterade

0,thanks for your definition throwbie editors reviewed your entry and have decided not publish

1,thanks need all the help can get

1,that explains alot

1,there going heathers sequel winona ever they better not fuck

0,told not drink just gave all the porter amp obs stout that brought home from neighbors sad

1,trae sweet just bought new baithing suit wove him

1,true highly subjective there tombre was actually favorite character the book you got rishabh

0,guys knw whyy

0,very much

0,waahhh now getting sadmiss hub quot

0,were standing out the pouring rain were sitting top the world summer sucks

0,went get dog from vets theyve stitched her ear charged for but she still bleeds like waterfall everytime she moves why

0,where picture feel naked

0,why aren there any trains going manchester sunday now can the concert

0,why must people picky mean hours work and dice what with that

0,why twitter will soon become obsolete

1,wide awake not

1,yeah too its been awful weather here for the last week that stinks kristis comin down and moe said mmmaybe take for

0,you stranger hello frank lampard how are you you fine you and urself stranger gay your

0,you always one and only

0,turnoffwords this shit sucks

0,panel over guess back normal life

1,started

0,brighten bad day never win anything

0,boyle didnt win well diversity was very good though congratz

0,

1,that all and believe enough

1,

0,

0,quot vandals paint swastikas home author gay lesbian church story naples daily newsquot

0,quot

0,quot

1,quot

0,quot

1,quot

1,quot

0,quot

0,quotwell the truth miss you soquot coldplay

0,tears today the last day with kidsthey summer break their dads tomorrow sighs

0,unsure annoyed

0,via are designed gallery exhibition postcards mailers going extinct via nyt

0,beautifulylost

0,cries going miss harry potter when comes out leaving vietnam july going cry

1,hummin say quot

1,sigh you cant love someone that doesn love you back that like stalker status get divorce amp

0,going back bed because lookin around and don see reason awake atm little

1,aiqht goodniqht tri neena malcolm chaise jlew atl love much

1,triiiiiii ily even chaise doesn dies laughter

0,wantt hiim soo badd

0,watching bed shopping mom out trent hopefully need best friend

0,had weird encounters with many homeless creeps the walk home tonight all myself awesome really

0,rained out truck race

0,why feeling worse

0,feeling pain and happiness the same time how confusing

1,hot choco the best

0,shirt and panties celulite

0,had turn back north due body line missing design council design tech transfer event

0,everything hard

0,bueno good bye good night

1,beach day with scoobs still phone

0,let have fun when give what give

0,don want move

1,what amazing nightday amp night again twits miss guys

1,canaveral national seashore

1,progressing the production department with quot

1,taylorrhicks enjoy chicagob new venue always cool you shine everywhere you know who you are time will everyone

0,the train crash

1,thestreetforce

1,makes smile

1,first day off weeks and child got before watch for quotnancy grac

1,quot#video woody woodpecker the barber seville great just wishing

1,happy you are staying around here drexel fabulous university you should proud yeah

0,what happened angels and demons and lions and tigers and bears

0,well that sure minimizes the impactlol

1,call dibs the voltron arm the leg wait where are manners

1,just saw mum

1,and get your fat asses here nai

1,see three external monitors one laptop win

1,

1,you want start the morning later

1,lol luv

1,making fettucini and garlic bread

1,tell said happy bday

0,went work once last year with pants ironically that was last day work that job fml

1,told you you would sweep haha

0,there many science cartoons

0,edinburgh fringe only weeks away need monies btw elliott from blame for the twitter intrusion

0,why didnt you come school have you done the short stack thing yourself you still need

0,which one latter for the store only

0,thinking less than chance hedo stays orlando gonna for the they all can blame him though

0,now who wud make this beautiful plc cry

0,now the outer fat kid

1,the servers are now backup you experience any more problems then please let know sorry about the delay

1,quotyes lol luv this quotyou are like gentle breeze that has blown throug

0,morrea joseph vale

1,are future rooooooooomies nyc holler

1,hope have cheese burgers lmbo

1,awesome

1,nothing the kind and everything the sort

1,quot

1,think again talvez seja nfase cifra mas aten quot

0,why your youtube account suspended lol single ladies dance need watch again

0,know sold out though

1,watch will

1,thanks here hoping pretty nervous though

0,should get aim and talk miss her

1,followers

1,tell grocery store was better when you blasted the oldies sugar ray does not make

0,kashrut convo makes want keep more kosher but roomies catholic amp

0,isn home neither better have

1,yall bitches better wake early the opera kay

0,immune dentists drills etc now just doesn bother all having gum lift surgery next week tho eek

0,where tonite still awake

0,hates bebot app

1,congrats bhai but like the oldies used say arre bhai kuch kam

1,

1,chilling twitter via spanking new blackberry unlimited internet

1,you give him every inch your love every night

1,

1,maybe you can pop tweet they are quite active twitter

1,shame all the women mamma mia are horny since all the men this island are

1,thanks for letting know going check out eureka later with this knowledge

0,what are referring

0,

1,what hey you doing thx you you too ttyl sowwy lol

1,happy mothers day

1,knew sharepoint was written interns just knew

0,miss her much already

0,just practisinghow feel

0,miss love jamie

0,fuck you

0,head feels like bowling ball

0,heart hurts badly

0,keeps crashing when try load bungie plane

0,current headset its deathbed now dad gave just weeks back

0,mood currently blah sitting parking lot

1,happy

0,that all

0,everyone went home and not everyone was even here cmf

0,fed

0,fuck fuck fuuuuck

0,not feeling today and make matters worst its super nasty and rainy outside yuck

0,

0,awwwwwh wanted aiden davis win him bummed didnt

0,bed time now

1,faltam dias para world drawing day

0,friends like these thanks not fake

1,haha omg stayin steezy amp

0,think cheating

1,wanna play with camera but will settle for playing with and heart monitors

0,want octo drive

0,want display pretty voltron upside get two pretty voltrons

0,want find way put photos phone here have bluetooth both phone and computer but doesn work

0,effort bring you the best content just added lease hours the release the digital rapture soon hang tight

0,our response what happened today and that all

0,you are right hurts

0,kinda but not really but kinda

0,let have moment silence for our childhood homes sadly can replaced and can never back

1,lol all these are hilarious

1,man man should punch myself the head but with that

1,friends can get with friends and can all friends shit could this every weeknd aiigght with coop the crew

0,man worth your tears and the one that won make you cry

0,rain rain away

0,storms are scary

1,such beautiful satisfying day bargain shopping loves

0,tell those girls your clocking out lol

1,thank god today friday love

0,the batt internet connection died guess its back the mobile

1,thrilled about being work this morning

1,break dance not hearts short stack ringtone love that song

0,wwwapplecom iphone now has for the

0,apple iphone card for maybe tomorrow guess helps you tweet huh forgot

0,unsure hassle music

0,exhausted

0,want some benamp

1,life very lazzzzyyyy

0,wish ella was somebody

1,ish good mood tlk

0,think going long drive then when get the pacific ocean open car door and throw the ocean

0,what the hell bbc

0,

0,dont like this weekend huhuhu

0,get right away

1,made nice twice for now

1,loves life atm its brilliant

1,who else happy mood

1,bye everyone

0,lonely night

0,blue does not work

0,geez feeling their pain

0,miss summertime daley

0,the computer ill lol fuckin goin portugal

1,far good

1,today was great day

0,ughhhhhhhhhhhhhhhhhhhhhhhhhhhhh

0,

1,lot lot lot lot lot lot lot lot lot lot lot lot

0,awwwwwh wanted aiden davis win

0,curtain drops the crown uptown after

0,must leave new mexico and soon

0,fail maths knew was just too slow

0,from gongwer report sounds like leadership still considering library cuts not considering tax increases

0,fuck sake why can things never work out for

0,going town toda with cousinnn netball match was cancelledd

0,hoping see baby girl

0,don even know

0,just lost member family

0,sick bedtime battles

0,cold this morning have chills all over

0,just

0,tonight goes the books the worst sytycd results show

0,shopping

0,poor lil mousey just out enjoying the sunny day don think feel bad was big gnarly rat though dbl standard yep

0,that epic sad face

0,this magazine story just broke heart the dentist office today

1,tiger woods via

0,wanna meet wifey but can this sux

0,wondering why feel like doi feel better thoughits all good happy inspite oftweet lata

1,yippeeeee yay lets gather the hayhis love found way boyit gonna stay added the master holy way all his will way

0,one realizes how deep this goes

0,

0,that the story life whole bunch frownies

0,have noooooooooo friends twitter makes sad will someone follow

0,just want hear from you guess that asking too much

1,hardest working chica know mii boss lady look her seriously lol

0,really don like this condition sucksssssss

0,orlando lost the series well maybe phoenix boston cleveland the teams like will make next year

0,rinitis sucks

1,thanks for being the bestttttttttttttttttttt dawg

0,

0,

0,

0,know huh bout thanks marco muah

0,angry

1,praise god for this beautiful day

0,sry matt hear that

0,what the fucccckkkkkkkkkk

0,bye world

0,couldnt even have one fairytale night

0,working when pottercast lupins willows come near fail

0,cell phone screen dead sooooooooooo texts and don know who calling fuuuuuuuuuuuuuuuuuuuuuuuuuuuuuuuuuuuuuuuuuuuck

0,more sickness strike say strike ohhhh well nother day off school guess

0,nobody likes year one the reviews read disappointed but maybe now like more since not expecting much

0,must say more

0,old dead and gone

0,have now more minutes please please please

1,love you guyssss those rings mmmyeahh bling blingg

1,chance boo

1,thank you very much for the dvd suggestion very nice you looks good

0,awwwww really hate this

0,bad day

0,bad daydamn you what kind ticket sale was that

0,boston globe could shut down days

0,bye guys miss sooo sooo much but don worry back monday have awesome weekend peace

0,can have some followers sad now that losing hope pressure

0,couldn bless mic bra music day

0,cry cry cry

0,day

0,goodnight

0,grandma very sick not doing well going the emergency room

1,had wonderful day grrrrrrrrreat

0,going shed tears the cavs have home tonight like seriously

0,soooo sadat this point night cuddling with jonathan like did for years

0,hate you forever

1,have passed exam today

0,missed

0,still feel like douchebag

1,want write song think will

1,always thought time estimates should use value rule only exception being squared rule

1,creativity via twitter

1,you tease wanna hear the tracks

0,never answering

1,traveltips student safety roughplaces

0,now fathers day and you haven picked meyet kind want incessantly bother you#squarespace

1,what fml

1,quot

1,just case you need some help that

1,sure love that lol

1,quot

0,longer the cab say heartbroken understatement good luck with everything you amazing ian

0,broke twitter

0,off clubbing must come over sheffield sometime amp

1,avatar can figure out what you people are either

0,fulfilling life ambition jonas brothers concert went hmv and the new album already sold out why

1,what happened movies anyway like hollywood forgot rough times the public wants see

0,just yelled for picking apple store over food

1,quot

1,

0,cats kittens died only days old toorip ming

0,week before the palm pre comes out and centro dies have temp phone but contacts aren transfered yet

1,chicken mcnuggets double cheeseburgers large fries and lemonade for dinner why you may ask because hate body

0,hrs phonelol dude hilarious

1,tweet breakfast everything bagel toasted cream cheese with iced cap delish

0,video upload utube dam sony vegas making big

0,the new footwear labeling norm definitions that are never referred the document who wrote this

0,big angry spider was crawling blankeys flicked the floor and cant sleep now

1,blessed sunday everyone

0,couple years sickness all piled this one day

1,dog riding the bicycle

0,fly just landed green chile stew never been big killing bugs but this asshole asked for there goes appetite

1,problem shared buck passed

0,just got the same handshake her meeting vibe here sucks

1,hitech

0,jonahwhats tweet sharon

0,alice beating scooby doo board game

1,quite tired can wait till wwe burswood

0,anyone have any advice how cope with break

0,arrrrrrrgggggggghhhhhhhh that all lines communications are temporarily suspended

1,awake and ready for the day

1,being nasty the studio with woman sleepies

0,but understand

0,cars being inspected today gonna cost over dollars

0,out

0,everythings wrong

0,exercise build muscle mass only thing that speeds metabolism

1,feeling for the first time few days thank you

1,found new way text him yey

0,friends dying just horrible

1,going for paddle moz

1,good nite hope grandma visits dreams again tonight last night was uplifting miss her

1,goodbassplayer that funny

0,was the best there

0,hungover and craving chocolate omg how funny was the pub last night lol

0,dont want sister leave for the whole summer

0,hope everyone church can just concert peace wed dont have worry about rushing back church visit

0,just spilt the last jordans cereal the floor distraught

0,miss family and friends

0,see missed the nectar sucking dirty talk

0,want freaking puppy now cute little black yorkshire terrier

0,want irissa back

0,glad diversity got throughbut what about stavros

1,here tell very yummy decided hunt for blender drinks know any good ones

0,out nutella

0,rlly tht serious abt thru fonebook

1,listenin new fav band more amor

0,environmental studies and driving mental

0,always seen bits amp

1,just another day paradise

0,just found bone chicken nugget not cool

0,like said back still fucking hurts and going complain about like one business

1,love you

0,aunties dog getting put down hes dogs brother aswell

0,head feels like its going explode mmm what horrendous image the mess

0,head killing meee

0,name amy only three eyes are swollen cannot see must stupid must bad what

0,picture with kris karmada gone forever its not comments mysapce

0,confirmed missing air france flight has crashed the atlantic

0,about myspace comments are gone cause someone hacked onto wills account and kept abusing others had delete

0,about school will all over soon can wait celebrate stres till then

1,about pop movie amp

1,about swim

0,abt missing air france plane follow here for best air news source

0,afi are not reading til sunday this sucks

0,after crap night was looking forward being cheered but never mind

0,the postman didn have package what goon for the rest the day

1,ahh school monday not ready

1,ahhh drizzy rogers you are indeed the best

0,airport express doesn rock enough allow wireless scanning with the canon pixma but otherwise wireless goodness

0,alistair friends are all the kitchen and pjsi just want cup tea dammit

0,all day play

0,all dressed and bicyclist for monday nite ride henderson

0,all want arms that all want you arms

0,all friends are gone haley katie camp paris moms landin ayonna aunts moms bored

0,all nighter yeeeeeeeeeeeessshhhh what nightmare coming weeks cannot wait graduate

1,all the small things

0,all those non robsten posts are making sad mean knew that but see from others words sad

0,allison didnt win she should have

0,almost time leave

0,already getting sleepyi really want get psych quizzes done tonight

1,always nice thing wake yay gosh such typical lame overanalyzing teenager lmao had nice nap

1,excited

1,feelin very happy

1,feeding the pig

0,losing mind cause wanna see mytc right now this min want see candygirls not daisy dammit

0,sad say didn get results today somehow the school forgot mail results typical ugh

1,alarm clock device for waking people who not have small children

0,and how can you mend broken heart

0,and think that why felt really sick and depressed school today cuz all the stress glad got that off chest

0,and was just starting get confident myself you have torn down

1,anoronreedcourtyoperaunitecom webserver content homesch alternat

0,another mins

0,another early day

0,another father day weekend don get spend with dad

1,another friday night rock band

0,anticipating tough day ahead

0,anyone know ghostbusters region free and where get copy britain

1,million making difference can help but believe came believing amp

0,ovelt

