,sentimenttext,pred
0,mood thekingdream rockinthatthang hiphop rap rnb trap soul pop art musician singer songwrit,0
1,mood,0
2,see gear keep go thank hour delay suspect kassiedo gringodo,0
3,padipadilechemanasu song sharwanand vishalchandrasekh mood repeat mode,1
4,thank next mood thank bop legend,1
5,get style fix metal walk store dlf mall india noida discov latest collect,0
6,tct day adv day year lil bro pass adv eva lil brudda tay mood riptay biptay,0
7,mood,0
8,get style fix metal walk store dlf mall india noida discov latest collect,0
9,good afternoon everyon photo vitali poluektov autumnwatch peac mood forest landscapesrussia,1
10,babi dog wood woodart photographi photograph dog dogsofinstagram doge doggi canon dmark canon,1
11,good coach chang game great coach chang life shout coach sacrif endless hour,0
12,fuck horni today would love extra set hand around dick hornyaf cocklust mood,0
13,surround motiv peopl lift mood life,0
14,win,0
15,mistak kind weak capon mood,0
16,god amaz want prais grace amp merci toward praisebreak mood feel fantast,0
17,titti queen,1
18,mood day,0
19,mood today gif answer game,0
20,babi dog wood woodart photographi photograph dog dogsofinstagram doge doggi canon dmark canon canonp,1
21,class today amp mama legit call time wake tell bring,0
22,mood cardiseason quot year cardib regrann atlanta,0
23,hope woman ask,0
24,morn magic tree field countrysid natur outdoor morn mist fog blackandwhit photograph,1
25,mistak kind weak capon mood,0
26,feel good mood,0
27,autumn thestoryofseven natur outdoor autumn mood,0
28,psst christma arriv christma christma season sparkl silver detail,0
29,carrot cake actual splendid mood first bite,0
30,mood di joint make feel good getsum puddin feelin funkadelik,0
31,care whether satir mood,0
32,good coach chang game great coach chang life shout coach sacrif endless hour,0
33,belat happybirthday talent chef eventphotographi event corpor,0
34,tweet kill mood,1
35,someth epic mile orangeblossom floridamal run orlando teamakimfit beauti healthylifestyl,1
36,morn magic tree field countrysid natur outdoor morn mist fog blackandwhit photograph,1
37,daili remind michelleobama femaleentrepreneur entrepreneur womenempower thursday girlboss,0
38,pic sttripe blog blogueira braziliangirl blogger bolsa bag botavermelha denim fashion fashionday,1
39,mood like fuck cleveland ohio,0
40,digit imag alanart made photoshop come soon vernon market baltimor designart design art,0
41,mood blue sketch doodl graffiti illust draw mood artph,1
42,fuck horni today would love extra set hand around dick hornyaf cocklust mood,0
43,terra elev joy blend euphor scent elev mood confid energi,0
44,mistak kind weak capon mood,0
45,find car fun mood hihohiho haveagreatday arab alabama,0
46,good coach chang game great coach chang life shout coach sacrif endless hour,0
47,like visit blog flower selfi mood feel lanadelrey,1
48,wednesday xialiww spicygirl mood,0
49,work essenti els pack latt wherev mycocaf successbyhealth healthylifestyl,0
50,mood retweet want,1
51,know french use call doughnut pet nonn mean nun fart lol lifestyl,0
52,mistak kind weak capon mood,0
53,news aka word vomit word vomit mood today think suck pace,0
54,mood everi thursday see oldskoolthurzgabz old skool vibe start earli sup,0
55,video dyin mood,1
56,mistak kind weak capon mood,0
57,lol skip class today miss anyth import anyway lol mood took,0
58,morn magic tree field countrysid natur outdoor morn mist fog blackandwhit photograph,1
59,mistak kind weak capon mood,0
60,follow hot sexi girl mood instagood likeforlik picoftheday mountain mannequin topmodel,1
61,waybackwednesday loveandhiphop mood jersey girl pump ga round mind money,0
62,mood right know anim dog mood pet,0
63,mistak kind weak capon mood,0
64,mood,0
65,mood easi,0
66,moment trynna clear mind stay relax keep hustlin mood recent thought,0
67,flaw yeah admit,0
68,ikr agre theme vet cure protect breed innoc love,1
69,hello mood,1
70,best onlin casino bonus retweet win slotsmachin tapehustl slot win,0
71,pic sttripe blog blogueira braziliangirl blogger bolsa bag botavermelha denim fashion fashionday fastfashi,1
72,readi holiday holidayspirit mood mydogismyspiritanim christmasaf nevertooearli bethereind,1
73,forget check pinterest best place start fantasi moodboard,1
74,mood today bucket list item watch live anoth countri come,0
75,need saturdaymood workout fitdad love music rockstar swag sing mood saturday picofth,0
76,pic sttripe blog blogueira braziliangirl blogger bolsa bag,0
77,mood honestli probabl get tattoo,0
78,wake still friday truth toofunni toocut dog friday work thestruggleisr mood,1
79,mistak kind weak capon mood,0
80,bae done testi mood,1
81,good morn dear friend wish wonder new week photo andrei bazanov landscap peac autum,0
82,girl stand front salad ask pizza mood,0
83,bae done testi mood,1
84,red mood thursday arcan limit thursdaymood style ootd lookoftheday mood luxurycloth,0
85,mood errrrrrbodi uncl roll one rais hand realli hear time,0
86,tomorrow friday fridayev thursday inspir mood motiv instagood life goal yoga feet,0
87,know care mood,0
88,option king seedmoneygang mood chicago metropolitan area,0
89,need saturdaymood workout fitdad love music,0
90,tomorrow friday fridayev thursday inspir mood motiv instagood life,1
91,product link bio freaki follow freak freakycoupl like love,1
92,wait summer visit blog sunni sun tropic mood summervib,1
93,tonight creatorland filmscreen host zainab muse amp love ottciti enterpr,0
94,mood femal friendship katemiddleton meganmarkl powercoupl,0
95,countri fuk citi peopl mood naptown fact worldstar wshh doedo potu explorepag insta save,0
96,mistak kind weak capon mood,0
97,cook goodi day mood doedo potu doedo wtfdoe mood worldstar wshh doedo potu explorepag,1
98,citi light dubai mydubai airborn upintheair photooftheday mobilephotographi dubaiaccordingtom mood,1
99,time come accept fate accept whatev might fear never way thewir,0
100,rememberm rememb noi friend happybirthday life style mood love studio,1
101,tri dice fun freaki follow freak freakycoupl like love freakysex creepi explor,1
102,chemic mantra aspettando podcast podcast china outfit stupid think socialmediamarket,0
103,calm ton cousin,0
104,forget give best smile thank work hard today make,1
105,glow dark fun dice endless dark fun freaki follow freak freakycoupl like love,1
106,listen velvet rope mood,0
107,let keep work hard fli wherev want whenev want,0
108,rememberm rememb noi friend happybirthday life style mood love studio,1
109,class mood,0
110,mood give love,1
111,mood murder citi devil dancin shoe,0
112,mood femm friendship katemiddleton meganmarkl powercoupl,1
113,mood pretend feat lil yachti amp ajr,0
114,upon time mood,1
115,feel tri navig gatwick airport right mood,0
116,love life nutshel repost love romanc witchlif crazi life mood instamood lauranureldin,1
117,recompos anddamm brickovenstudio nyc portrait moodyphoto darkphoto mood midnightthought,1
118,watch show imranhassan anchor bestanchor mood machan excel job,1
119,nyc sgthweener recompos anddamm brickovenstudio nyc portrait moodyphoto darkphoto mood,1
120,mistak kind weak capon mood,0
121,mood tri normal breakfast sunday get chamber wya text,0
122,thursday alreadi styleoftheday photo mood joelenehillthestudio interior interiorstyl,0
123,shit say mood doedo potu doedo wtfdoe mood worldstar wshh doedo potu explorepag insta save,0
124,morn bless sometim need get break cup good latt get togeth,0
125,spank new big money mood ask summer videoshoot battl,1
126,someth epic orangeblossom floridamal run orlando teamakimfit beauti healthylifestyl noexcus fit,0
127,spank new big money mood ask summer videoshoot,1
128,mood bitch ass winter weather fall readi blame folk put,0
129,day get warmer bring summer australia photo amp dress,0
130,horni tbh horni mood,0
131,spank new big money mood ask summer videoshoot battl,1
132,readi winter nope never readi lastros rose garden autumn novemb citi applec,1
133,spank new big money mood ask summer videoshoot,1
134,anyon wanna mood,0
135,beyond world idea wrong right field meet mood,1
136,mistak kind weak capon mood,0
137,smh fact kid kno one pull mood naptown fact ftp otg gucci,0
138,spank new big money mood ask summer videoshoot battl,1
139,mood tbt lincoln center,1
140,life stori make best seller mad srk mood black heart,0
141,repostbi hustl mean sey baba god see see mood via,0
142,mood pet picoftheday photographi dog yorkshireterri yorkshir pet,0
143,sneak weekend like mood catgram kittylif funni familylif houstonpet catofax rabid wolf,0
144,semma mood comment repli direct messag,0
145,day throw suit pretend adult day rather hood rat thing,0
146,want man officialyoungsc soon outsoon outnow afrosw afrobeat vibe mood,0
147,spank new big money mood ask summer videoshoot,1
148,morn bless sometim need get break cup good latt get togeth tziviakay,0
149,good coach chang game great coach chang life shout coach sacrif endless hour,0
150,want man soon outsoon outnow afrosw afrobeat,0
151,healthytip cold blast shower minut stimul brain releas feel good hormon boost mood,0
152,mood king princess pussi god via,0
153,pitti find snow day wont leav work stlwx snowpuppi,0
154,tonight creatorland filmscreen host zainab muse amp love ottciti enterpr,0
155,red mood thursday arcan limit thursdaymood style ootd lookoftheday mood luxurycloth,0
156,good coach chang game great coach chang life shout coach sacrif endless hour,0
157,face episod end,0
158,need saturdaymood workout fitdad love music rockstar swag sing mood saturday picofth,0
159,excit carri imagt support mood calm memori sleep amp much product tha,1
160,spank new big money mood ask summer videoshoot battl,1
161,selflov girl girlfriend beyourself selfi selflov ass asswednesday anal asslick finger analfuck,0
162,man,0
163,spank new big money mood ask summer videoshoot,1
164,good coach chang game great coach chang life shout coach sacrif endless hour,0
165,mistak kind weak capon mood,0
166,thecandywest play mood,0
167,mood onlin onmfc amateurporn assworship babe cammodel dominatrix,1
168,day throw suit pretend adult day rather hood rat thing,0
169,mistak kind weak capon mood,0
170,red mood thursday arcan limit thursdaymood style ootd lookoftheday mood luxurycloth,0
171,netflix get dick suck tonight mood netflix netflixandchil,0
172,need saturdaymood workout fitdad love music rockstar swag sing mood saturday picofth,0
173,good morn croissant breakfast detroit diet berri coldwint frenchcroiss pastri lovelymichigan,1
174,kiki love mood,1
175,mood asf tch get tch nigga squaleepop morn motivat,1
176,netflix get dick suck tonight mood netflixandchil nonutnovemb,0
177,mood win famili pack ticket morn win geenasbigscoop,0
178,mood blue sketch doodl graffiti illust draw mood artph,1
179,today day said time week mood,0
180,suffer rdr emot rockstargam reddeadredempt mood feel share psblog,0
